,0
0,gary oldman
1,ryan reynolds
2,sydney sweeney
3,jason statham
4,chloe coleman
5,yoo jung
6,scarlett johansson
7,dyessa garcia
8,gabriel guevara
9,joey king
10,hugh jackman
11,katheryn winnick
12,morena baccarin
13,keanu reeves
14,christine bermas
15,alexandra daddario
16,jenna ortega
17,morgan freeman
18,channing tatum
19,ana de armas
20,zhao lusi
21,johnny depp
22,emma corrin
23,erin moriarty
24,robert downey jr
25,tom cruise
26,quinn hemphill
27,ghislaine dion
28,emily blunt
29,amar chadhapatel
30,katherine lanasa
31,alan ritchson
32,florence pugh
33,angelina jolie
34,hande erel
35,min doyoon
36,mckenna grace
37,clancy brown
38,jason momoa
39,dafne keen
40,vin diesel
41,jennifer connelly
42,natalie dormer
43,sabrina carpenter
44,pedro pascal
45,tom hardy
46,glen powell
47,sofia kappel
48,ella purnell
49,nicole kidman
50,sana makbul
51,sylvester stallone
52,jacob scipio
53,tom hanks
54,gal gadot
55,paul dano
56,miles wei
57,margot robbie
58,nicolas cage
59,henry cavill
60,jackie chan
61,austin butler
62,famke janssen
63,frida gustavsson
64,matt damon
65,amanda seyfried
66,dakota johnson
67,ben affleck
68,anne hathaway
69,timothe chalamet
70,mickey rourke
71,liam neeson
72,eiza gonzlez
73,ruby rose turner
74,jennifer garner
75,emma stone
76,leonardo dicaprio
77,noomi rapace
78,benedict cumberbatch
79,olga kurylenko
80,jack black
81,antonio banderas
82,emma darcy
83,theo james
84,will smith
85,anya taylorjoy
86,ioan gruffudd
87,laura berlin
88,vanessa kirby
89,masami nagasawa
90,zoe saldaa
91,yvonne strahovski
92,rosamund pike
93,chris pratt
94,mila kunis
95,chris hemsworth
96,sae bom
97,helen mirren
98,jessica biel
99,chlo grace moretz
100,kevin costner
101,derya pnar ak
102,angelica hart
103,jennifer lawrence
104,kate beckinsale
105,stephen graham
106,kevin hart
107,ian somerhalder
108,damian hardung
109,selena gomez
110,raegan revord
111,bae doona
112,kristen stewart
113,tom holland
114,serinda swan
115,daniel radcliffe
116,shir sano
117,keira knightley
118,son yejin
119,jesse plemons
120,clint eastwood
121,cole hauser
122,narilya gulmongkolpech
123,uma thurman
124,claudia doumit
125,lena headey
126,zac efron
127,keiko yokozawa
128,annamaria sieklucka
129,megan fox
130,emma myers
131,jin siah
132,nicole wallace
133,adria arjona
134,martin lawrence
135,mayumi tanaka
136,jeffrey dean morgan
137,isabelle adjani
138,winona ryder
139,annabelle wallis
140,han yiseul
141,martin henderson
142,byeon wooseok
143,rebecca ferguson
144,travis fimmel
145,dakota fanning
146,erika balagtas
147,kaya scodelario
148,rachel weisz
149,alice braga
150,leighton meester
151,kiefer sutherland
152,kevin durand
153,freya allan
154,george clooney
155,patrick wilson
156,emilia clarke
157,nathan fillion
158,yoo jihyun
159,alain delon
160,olivia cooke
161,nathalie emmanuel
162,tobey maguire
163,brad pitt
164,samuel l jackson
165,karl urban
166,blake lively
167,emma watson
168,robert de niro
169,laurence fishburne
170,willem dafoe
171,isabella rossellini
172,yoon yool
173,rika
174,chris evans
175,kang eunhye
176,giancarlo esposito
177,dina meyer
178,james mcavoy
179,abhishek chauhan
180,hailee steinfeld
181,amber heard
182,haley bennett
183,adle exarchopoulos
184,viggo mortensen
185,nina dobrev
186,thomas brodiesangster
187,amy adams
188,al pacino
189,tara reid
190,lauren cohan
191,lucy punch
192,isabela merced
193,dominique mcelligott
194,jennifer morrison
195,jon hamm
196,wang xingyue
197,mel gibson
198,joseph gordonlevitt
199,russell crowe
200,michael imperioli
201,dwayne johnson
202,issey takahashi
203,susan sarandon
204,zendaya
205,steve carell
206,tetsushi tanaka
207,vincent cassel
208,josephine park
209,kiernan shipka
210,kiyohiko shibukawa
211,andrew garfield
212,mayumi izuka
213,emma roberts
214,kevin bacon
215,barry keoghan
216,elliot page
217,keith david
218,alfred molina
219,paul rudd
220,benjamin bratt
221,rowoon
222,cillian murphy
223,choi minsik
224,josh hartnett
225,jarred harper
226,nao mori
227,mia goth
228,elle fanning
229,julia victoria
230,sam elliott
231,orlando bloom
232,alexander ludwig
233,alexandra breckenridge
234,jensen ackles
235,jon bernthal
236,ester expsito
237,gillian chung yantung
238,jodie foster
239,eva green
240,ryan gosling
241,chadwick boseman
242,charlize theron
243,mirai moriyama
244,bruce willis
245,jude law
246,alec baldwin
247,john cena
248,abigail spencer
249,shuya sophia cai
250,deniz can akta
251,jake gyllenhaal
252,piper perabo
253,asa butterfield
254,emma thompson
255,vera farmiga
256,josh brolin
257,lisa kudrow
258,emmy rossum
259,kristen wiig
260,donal logue
261,paul chun pui
262,anthony hopkins
263,linda cardellini
264,xu kai
265,ariana greenblatt
266,britt robertson
267,jon favreau
268,sebastian stan
269,ava mendez
270,jean reno
271,evangeline lilly
272,polly walker
273,gustaf skarsgrd
274,freddie highmore
275,matthew mcconaughey
276,jet li
277,park bogum
278,iain armitage
279,diane lane
280,nicola coughlan
281,leo suter
282,debora caprioglio
283,ralph macchio
284,daniel craig
285,kylie cantrall
286,kelly reilly
287,claire forlani
288,tamsin egerton
289,diego luna
290,dove cameron
291,maddie phillips
292,jaime murray
293,dennis mcdonald
294,lucy liu
295,michelle rodriguez
296,kim dohee
297,scott handy
298,christina ricci
299,ben stiller
300,cobie smulders
301,daniel wu
302,michael beach
303,bradley cooper
304,bruce greenwood
305,afra saraolu
306,robert pattinson
307,carla gugino
308,sean astin
309,han seoah
310,jeong seokyong
311,junichi suwabe
312,connie britton
313,hayden christensen
314,mark wahlberg
315,burak zivit
316,zlem aknz
317,richie jen
318,yoko asagami
319,elizabeth banks
320,lance reddick
321,rachael harris
322,cameron diaz
323,valorie curry
324,gerard butler
325,catherine zetajones
326,shabana azmi
327,denzel washington
328,cary elwes
329,claudia chakrabandhu na ayudya
330,matt smith
331,elisha cuthbert
332,nikolaj costerwaldau
333,john travolta
334,masaki suda
335,sandra bullock
336,john krasinski
337,charlie hunnam
338,dan stevens
339,robin tunney
340,sean bean
341,eric kofi abrefa
342,antony starr
343,debby ryan
344,karen gillan
345,yoo jiwon
346,shinnosuke mitsushima
347,monica bellucci
348,cailee spaeny
349,william sadler
350,wesley snipes
351,asia argento
352,idris elba
353,yukie nakama
354,oscar isaac
355,olivia wilde
356,danielle campbell
357,daiki nakamura
358,melissa benoist
359,natalie portman
360,meredith monroe
361,ornella muti
362,yoo yeonseok
363,mark ruffalo
364,ryohei kimura
365,dolph lundgren
366,cansu dere
367,jang hyunsung
368,aaron paul
369,michael fassbender
370,joe chen
371,zazie beetz
372,virginie ledoyen
373,sam worthington
374,kristen bell
375,bill skarsgrd
376,agni scott
377,tim robbins
378,isabel may
379,kyshan wilson
380,ramya krishnan
381,dave bautista
382,jessie buckley
383,katherine heigl
384,yuji ueda
385,baek seri
386,matthew lillard
387,woody harrelson
388,jung woosung
389,anna kendrick
390,koichi sato
391,buster keaton
392,sammi cheng
393,william zabka
394,geraldine chaplin
395,sasha alexander
396,eddie murphy
397,jeanclaude van damme
398,brie larson
399,queen latifah
400,ethan hawke
401,karen allen
402,pierce brosnan
403,rufus sewell
404,kim basinger
405,ewan mcgregor
406,sangeeth shobhan
407,yu seon
408,christopher walken
409,kuranosuke sasaki
410,lee beomsoo
411,meg foster
412,colin farrell
413,donald sutherland
414,naoko matsui
415,rachel mcadams
416,morooka moro
417,sophie turner
418,jessica chastain
419,seiichi tanabe
420,nicholas galitzine
421,carrie coon
422,sonoya mizuno
423,milla jovovich
424,dennis quaid
425,joaquin phoenix
426,azi acosta
427,michael wong
428,eric dane
429,gina gershon
430,kim mikyeong
431,josh peck
432,yurika kubo
433,tom felton
434,christian bale
435,jk simmons
436,judy greer
437,lee dongwook
438,chi mcbride
439,wang yibo
440,luke evans
441,ruth gemmell
442,hayley atwell
443,song kang
444,xiao zhan
445,hiroshi abe
446,fala chen
447,ron perlman
448,naomi nishida
449,halle berry
450,kirsten dunst
451,claire holt
452,michael keaton
453,kim taehyung
454,millie bobby brown
455,will ferrell
456,kate mckinnon
457,michelle jenner
458,nastassja kinski
459,lily james
460,meryl streep
461,hidetoshi nishijima
462,michelle yim
463,kate mara
464,tony cox
465,kurt russell
466,scott adkins
467,ralph fiennes
468,park eunbin
469,margaret qualley
470,erika christensen
471,jeremy renner
472,jim carrey
473,kim eungsoo
474,liam hemsworth
475,vernon dobtcheff
476,heejeong
477,lily franky
478,charlie chaplin
479,rica matsumoto
480,julie bowen
481,bryan cranston
482,elizabeth mitchell
483,shailene woodley
484,juno temple
485,michael rooker
486,kenny johnson
487,imogen poots
488,harrison ford
489,reese witherspoon
490,joanna kerns
491,julianne moore
492,jena malone
493,julie benz
494,sondra locke
495,kathryn newton
496,phoebe cates
497,cha eunwoo
498,lou gala
499,heather graham
500,supaporn malisorn
501,akeno watanabe
502,marion cotillard
503,namkoong min
504,joseph quinn
505,rose leslie
506,joe pesci
507,kate winslet
508,pollyanna mcintosh
509,connie nielsen
510,dave franco
511,niyathi kadambi
512,adrien brody
513,naomi watts
514,yki kaji
515,snoop dogg
516,helen hunt
517,kim sangho
518,jordana lajoie
519,viola davis
520,finn wolfhard
521,giovanni ribisi
522,sadie sandler
523,michelle monaghan
524,lee dahee
525,saori hayami
526,krysten ritter
527,ji changwook
528,julian mcmahon
529,ryuya wakaba
530,kim minhee
531,leonor varela
532,ian mckellen
533,zooey deschanel
534,jeff goldblum
535,dylan wang
536,murray hamilton
537,jeff ross
538,zhang miaoyi
539,kim jiwon
540,maite perroni
541,park hyungsik
542,billy zane
543,tuba bykstn
544,milly alcock
545,alyson hannigan
546,sam corlett
547,arnold schwarzenegger
548,michelle williams
549,wakana yamazaki
550,annasophia robb
551,paul walker
552,hiroyuki sanada
553,jack quaid
554,desmond harrington
555,ju jinmo
556,shantel vansanten
557,paola nuez
558,woo dohwan
559,rebecca romijn
560,burt ward
561,seung ha
562,charles dance
563,kiana madeira
564,rebecca hall
565,christopher lloyd
566,zge yaz
567,andy samberg
568,mai aizawa
569,valeriy barinov
570,sam neill
571,lindsay lohan
572,kaley cuoco
573,frank welker
574,kim minki
575,anne dudek
576,ta leoni
577,griffin gluck
578,vincent regan
579,felicity jones
580,john wayne
581,matt bomer
582,kornnaphat sethratanapong
583,ursula andress
584,jeff bridges
585,stana katic
586,ed harris
587,kim yeojin
588,skeet ulrich
589,anna sawai
590,kazue ikura
591,go asung
592,diane kruger
593,sherilyn fenn
594,sofa vergara
595,koji tsujitani
596,cheon hojin
597,nicholas hoult
598,garry chalk
599,michael caine
600,mark strong
601,martin freeman
602,richard roundtree
603,christopher meloni
604,sigourney weaver
605,patrick stewart
606,carey mulligan
607,rutger hauer
608,david harbour
609,chen bolin
610,ada choi
611,cailey fleming
612,bob gunton
613,wagner moura
614,db woodside
615,amandla stenberg
616,ben kingsley
617,scott eastwood
618,ashley johnson
619,ewan mitchell
620,cress williams
621,michael nouri
622,michael c hall
623,richard gere
624,elizabeth olsen
625,elizabeth lail
626,nicole chamoun
627,chafurin
628,jesse eisenberg
629,zoey deutch
630,dborah rvy
631,yoshiko kamei
632,akn aknz
633,jeremy piven
634,dermot mulroney
635,junko iwao
636,jessica alba
637,song ilgook
638,bruce dern
639,wang churan
640,jodie whittaker
641,mugihito
642,rita ora
643,aj raval
644,oliver platt
645,kim taehee
646,peyton list
647,ian mcshane
648,john leguizamo
649,steve buscemi
650,nicholas gonzalez
651,jami gertz
652,ibrahim elikkol
653,elijah wood
654,kristin kreuk
655,andrew robinson
656,mads mikkelsen
657,elaiza ikeda
658,teresa palmer
659,tae hee
660,cemre baysel
661,will poulter
662,sy richardson
663,fay masterson
664,taylor james
665,john billingsley
666,katee sackhoff
667,barbara babcock
668,haley joel osment
669,ciarn hinds
670,katy obrian
671,bill nighy
672,kim heejeong
673,stephen lang
674,tim roth
675,douggie mcmeekin
676,david tennant
677,sean young
678,hugo weaving
679,jacob elordi
680,peter dinklage
681,maggie gyllenhaal
682,tim allen
683,jennifer aniston
684,ving rhames
685,adam sandler
686,aidan gillen
687,yuria haga
688,bryce dallas howard
689,yuria haga
690,bryce dallas howard
691,ray stevenson
692,ian holm
693,rachel brosnahan
694,park seojun
695,jella haase
696,heather locklear
697,stephen chow
698,lee jongsuk
699,karthik muthuraman
700,thitipong sangngey
701,dylan sprouse
702,jamie foxx
703,dana delany
704,kerry bish
705,max thieriot
706,ted levine
707,christian convery
708,daisuke ono
709,shin hyesun
710,na moonhee
711,eric roberts
712,lee soo
713,mariska hargitay
714,chace crawford
715,denise richards
716,aubrey plaza
717,emma lahana
718,william fichtner
719,golda rosheuvel
720,ahn kilkang
721,nadine velazquez
722,amanda peet
723,christopher eccleston
724,claudia jessie
725,elizabeth hurley
726,liv tyler
727,bitty schram
728,lee dohyun
729,chen duling
730,arron villaflor
731,hayal kseolu
732,anna gunn
733,mena suvari
734,aleksey batalov
735,amanda crew
736,sofia lebedeva
737,yeung simin
738,diane keaton
739,patrick warburton
740,michelle dockery
741,park sunghoon
742,gemma arterton
743,julie ann emery
744,billy brown
745,amanda plummer
746,denver pyle
747,ben whishaw
748,kevin nealon
749,paddy considine
750,matthew macfadyen
751,stanley tucci
752,melissa oneil
753,maggie lawson
754,zo kravitz
755,bill paxton
756,jing tian
757,alicia vikander
758,annette bening
759,charlie mcdermott
760,kim jongkook
761,rami malek
762,jhannes haukur jhannesson
763,la seydoux
764,amanda schull
765,ty simpkins
766,ma dongseok
767,rose byrne
768,naina sareen
769,darby stanchfield
770,isla fisher
771,sandrine pinna
772,alanna ubach
773,abigail breslin
774,andy garca
775,ernest borgnine
776,tilda swinton
777,joel kinnaman
778,jonathan banks
779,drew starkey
780,gi jubong
781,courteney cox
782,alison brie
783,amy smart
784,natasha henstridge
785,im chohee
786,katrina law
787,shea whigham
788,margaret blye
789,jack mcbrayer
790,simon pegg
791,vince vaughn
792,aimee garcia
793,arn piper
794,geoffrey rush
795,znur sereler
796,joe keery
797,john lone
798,john hurt
799,john turturro
800,owen wilson
801,kim heechul
802,mara valverde
803,dominic purcell
804,james marsden
805,owen wilson
806,kim heechul
807,mara valverde
808,dominic purcell
809,james marsden
810,james spader
811,sean penn
812,lauren german
813,mingna wen
814,julianne nicholson
815,nick nolte
816,tj miller
817,kim jisoo
818,toa yukinari
819,katharine hepburn
820,mara pedraza
821,david keith
822,harold perrineau
823,eva mendes
824,whoopi goldberg
825,kirill pirogov
826,kajal agarwal
827,sam jaeger
828,jamie chung
829,hope davis
830,lance barber
831,kelly lynch
832,anthony ramos
833,danny trejo
834,philip wiegratz
835,vanessa hudgens
836,andie macdowell
837,lupita nyongo
838,kelly lebrock
839,nikki cox
840,jaime pressly
841,fumiyo kohinata
842,lucy lawless
843,miranda cosgrove
844,erika eleniak
845,james woods
846,djimon hounsou
847,jim caviezel
848,fumi nikaido
849,alun armstrong
850,alexander dreymon
851,wentworth miller
852,josephine langford
853,jay harrington
854,maisie williams
855,abbie cornish
856,tadanobu asano
857,tanner buchanan
858,brenda blethyn
859,park byungeun
860,eddie marsan
861,nichakoon khajornborirak
862,anna faris
863,linda hamilton
864,helen mccrory
865,tim curry
866,louis koo
867,devon bostick
868,anthony mackie
869,zachary levi
870,aaron eckhart
871,jeremy davies
872,elisabeth moss
873,chris pine
874,stephen colbert
875,robbie coltrane
876,anushka shetty
877,joanna garca swisher
878,zhang linghe
879,min jung
880,danish taimoor
881,john mahoney
882,takeru satoh
883,emile hirsch
884,justice smith
885,melina kanakaredes
886,katey sagal
887,esra bilgi
888,chris carmack
889,mark pellegrino
890,zia zamora
891,lee jungjin
892,michael jai white
893,jon voight
894,lee sulah
895,diane ladd
896,shah rukh khan
897,glynn turman
898,penlope cruz
899,heath ledger
900,paula patton
901,eliza dushku
902,michael shannon
903,david boreanaz
904,saoirse ronan
905,shingo tsurumi
906,james franco
907,yuen cheungyan
908,charlene choi cheukyin
909,drew barrymore
910,rosa salazar
911,emily rudd
912,sharon stone
913,tommy lee jones
914,eric balfour
915,mike farrell
916,tomoya nakamura
917,nathaniel parker
918,hershie de leon
919,demi moore
920,tom berenger
921,tamannaah bhatia
922,stanislav lyubshin
923,yuichi nakamura
924,regina hall
925,alice eve
926,robert montgomery
927,molly parker
928,jesse metcalfe
929,linda emond
930,timothy olyphant
931,peter weller
932,seth rogen
933,sean connery
934,lee hyeyoung
935,joseph fiennes
936,esai morales
937,megumi hayashibara
938,natasha lyonne
939,john cusack
940,jon cryer
941,katharine ross
942,zach galifianakis
943,chu sangmi
944,bonnie hunt
945,wu jinyan
946,greta gerwig
947,clive standen
948,hwang bora
949,miray daner
950,sung yeon
951,scarlett estevez
952,lars mikkelsen
953,gene hackman
954,harvey keitel
955,christopher heyerdahl
956,go ayano
957,william shatner
958,geena davis
959,ana gasteyer
960,kento yamazaki
961,malcolm mcdowell
962,richard edson
963,kate bosworth
964,william shatner
965,geena davis
966,ana gasteyer
967,kento yamazaki
968,lee taeri
969,malcolm mcdowell
970,richard edson
971,yeon woojin
972,kate bosworth
973,eddie redmayne
974,leelee sobieski
975,sofia carson
976,maury sterling
977,catherine bell
978,jung hanyong
979,kim jooryoung
980,ludivine sagnier
981,golshifteh farahani
982,melanie griffith
983,chika anzai
984,mike farrell
985,tomoya nakamura
986,nathaniel parker
987,hershie de leon
988,demi moore
989,kaito ishikawa
990,tom berenger
991,tamannaah bhatia
992,stanislav lyubshin
993,yukiyo fujii
994,regina hall
995,alice eve
996,jin goo
997,robert montgomery
998,molly parker
999,jesse metcalfe
1000,linda emond
1001,narana erdyneeva
1002,timothy olyphant
1003,doon mackichan
1004,missi pyle
1005,emily alyn lind
1006,callum turner
1007,hugh laurie
1008,lorraine bracco
1009,kim sooyeon
1010,keke palmer
1011,ralph ineson
1012,sophie rundle
1013,fumiya takahashi
1014,madeleine stowe
1015,park hyeokkwon
1016,marley shelton
1017,faye dunaway
1018,ning li
1019,milburn stone
1020,abigail cowen
1021,jennifer jason leigh
1022,daniela melchior
1023,gina torres
1024,chris coy
1025,simon baker
1026,eddie velez
1027,kieran bew
1028,robert patrick
1029,sanaa lathan
1030,joely richardson
1031,mary elizabeth winstead
1032,tyrese gibson
1033,rachel ticotin
1034,brooke shields
1035,cole sprouse
1036,keri russell
1037,yuzuru fujimoto
1038,peter gallagher
1039,yen renee durano
1040,michelle fairley
1041,sarah rose karr
1042,jocelyn hudon
1043,neil sandilands
1044,taylor swift
1045,daisy ridley
1046,kate hudson
1047,aleksandr bashirov
1048,tanya reynolds
1049,alexis bledel
1050,diora baird
1051,emily carey
1052,dean cain
1053,marina neyolova
1054,jennifer tilly
1055,montana jordan
1056,candice bergen
1057,chie sato
1058,mark dacascos
1059,rosario dawson
1060,elizabeth perkins
1061,rosamund kwan
1062,lane smith
1063,morven christie
1064,bronson pinchot
1065,bai lu
1066,shelley hennig
1067,nancy dupla
1068,daisy edgarjones
1069,laura fraser
1070,sunny sandler
1071,jeremy sumpter
1072,adam arkin
1073,clive owen
1074,ed skrein
1075,matt lucas
1076,peter falk
1077,javier bardem
1078,david morse
1079,kenneth branagh
1080,rhea seehorn
1081,christian slater
1082,tom hiddleston
1083,harry styles
1084,sue ane langdon
1085,bella thorne
1086,lisa eilbacher
1087,tara strong
1088,jodi lyn okeefe
1089,sterling knight
1090,chae jonghyeop
1091,bue buse kahraman
1092,valentina zenere
1093,misako tanaka
1094,virginia madsen
1095,james remar
1096,ahn sohee
1097,neal mcdonough
1098,natascha mcelhone
1099,jang dongyoon
1100,mike colter
1101,colin hanks
1102,brendan gleeson
1103,marisa tomei
1104,michelle trachtenberg
1105,chance kelly
1106,mark harmon
1107,charlotte hope
1108,toni collette
1109,james roday rodriguez
1110,neslihan atagl
1111,mary mouser
1112,harry hamlin
1113,gary cole
1114,stephen greif
1115,corey burton
1116,antonia thomas
1117,mikhail pugovkin
1118,emmanuelle chriqui
1119,frances fisher
1120,hudson leick
1121,lynn collins
1122,sadie sink
1123,micaella raz
1124,laraine newman
1125,warren beatty
1126,devon aoki
1127,cameron monaghan
1128,takehiro hira
1129,tom kenny
1130,robert redford
1131,lee jungeun
1132,sophia lillis
1133,james whitmore
1134,laz alonso
1135,ahn sungki
1136,aaron taylorjohnson
1137,sophie marceau
1138,tom skerritt
1139,whitney cummings
1140,cemre arda
1141,elizabeth rodriguez
1142,michael jeter
1143,dustin hoffman
1144,hwang inyeop
1145,gemma chan
1146,katherine mcnamara
1147,mirela bali
1148,danny devito
1149,asa germann
1150,simon helberg
1151,kim coates
1152,nguyn b vinh
1153,martin kove
1154,lili simmons
1155,gabriel iglesias
1156,stellan skarsgrd
1157,adam scott
1158,embeth davidtz
1159,joanie laurer
1160,dennis haysbert
1161,leonid kuravlyov
1162,eve arden
1163,jacinda barrett
1164,toby kebbell
1165,junji majima
1166,kim goeun
1167,kim youngsun
1168,jason sudeikis
1169,kaito ishikawa
1170,ali fumiko whitney
1171,william h macy
1172,mun kayoung
1173,joey fisher
1174,noah jupe
1175,ayano yamamoto
1176,wyatt russell
1177,danny huston
1178,sachiko murase
1179,hiroshi kamiya
1180,walton goggins
1181,rosabell laurenti sellers
1182,maria bello
1183,xander berkeley
1184,tao tsuchiya
1185,carice van houten
1186,david attenborough
1187,joel edgerton
1188,he saifei
1189,dane dehaan
1190,michelle forbes
1191,richard chamberlain
1192,mackenzie crook
1193,cho yeojeong
1194,diane venora
1195,courtney eaton
1196,akari kito
1197,nassim lyes
1198,rachel house
1199,shannen doherty
1200,jim varney
1201,mao ichimichi
1202,son sukku
1203,kang gary
1204,tom bower
1205,catherine keener
1206,kim hyeyoon
1207,christopher lee
1208,marsha thomason
1209,steven seagal
1210,chupong changprung
1211,alyssa diaz
1212,sylvia kristel
1213,mia sara
1214,moe hashim
1215,lee minho
1216,sally hawkins
1217,john ventimiglia
1218,rebecca staab
1219,shin eunsoo
1220,samara weaving
1221,fernando lindez
1222,darren boyd
1223,johnny lu
1224,demi lovato
1225,jamie lee curtis
1226,kaan urgancolu
1227,andreas katsulas
1228,bokeem woodbine
1229,yu rongguang
1230,charlotte rampling
1231,tony leung kafai
1232,shawn ashmore
1233,donnie yen
1234,richard crenna
1235,yoon kyunsang
1236,peter facinelli
1237,odette annable
1238,mark chao
1239,isabel gravitt
1240,nam sangmi
1241,hattie morahan
1242,helena mattsson
1243,danai gurira
1244,chlo sevigny
1245,katie holmes
1246,eugene levy
1247,lucy boynton
1248,jung ryeowon
1249,alex carter
1250,ashley williams
1251,alan cumming
1252,kat dennings
1253,alexander skarsgrd
1254,wallace shawn
1255,angourie rice
1256,javon walton
1257,julia roberts
1258,kirsten vangsness
1259,zach gilford
1260,sandrine holt
1261,morris chestnut
1262,minoru inaba
1263,michael smiley
1264,tamlyn tomita
1265,danica mckellar
1266,jack nicholson
1267,gillian anderson
1268,park eunhye
1269,wilson bethel
1270,brianna hildebrand
1271,vladimir mashkov
1272,kristen schaal
1273,reiko takagi
1274,jennifer holland
1275,michael smiley
1276,tamlyn tomita
1277,danica mckellar
1278,jack nicholson
1279,gillian anderson
1280,park eunhye
1281,wilson bethel
1282,brianna hildebrand
1283,vladimir mashkov
1284,kristen schaal
1285,reiko takagi
1286,jennifer holland
1287,alicia witt
1288,aaron ashmore
1289,shinpachi tsuji
1290,stephen dorff
1291,clara lago
1292,gillian jacobs
1293,seda bakan
1294,michael cera
1295,tiffany grey
1296,alex wolff
1297,emily vancamp
1298,atticus shaffer
1299,tan jianci
1300,tetsuro tamba
1301,nestor carbonell
1302,yu serizawa
1303,tony jay
1304,omi minami
1305,cleopatra coleman
1306,neil dudgeon
1307,joo hyun
1308,daryl hannah
1309,henry fonda
1310,kim hongpa
1311,shioli kutsuna
1312,gilles marini
1313,molly kunz
1314,jeremy irons
1315,malin kerman
1316,jin seoyool
1317,david thewlis
1318,owen teale
1319,logan lerman
1320,timothy omundson
1321,bill murray
1322,sam spruell
1323,song geonhee
1324,yang zishan
1325,mae whitman
1326,kelly overton
1327,gabrielle union
1328,david kross
1329,viktor bychkov
1330,song kangho
1331,tom welling
1332,kazuki kitamura
1333,pamela adlon
1334,ben mendelsohn
1335,valeriy nikolaev
1336,dominic cooper
1337,chris tucker
1338,elena kampouris
1339,yu aoi
1340,kate micucci
1341,aya cash
1342,white sugar
1343,deepika padukone
1344,hafsanur sancaktutan
1345,lee jiah
1346,vijay sethupathi
1347,dub taylor
1348,francisca estevez
1349,roy chiu
1350,ethan cutkosky
1351,choi jinhyuk
1352,vincent tong
1353,emily cox
1354,kat graham
1355,brenda song
1356,will patton
1357,mischa barton
1358,cate blanchett
1359,lorenzo zurzolo
1360,rsula corber
1361,kip pardue
1362,tessa thompson
1363,richard dreyfuss
1364,kwak dongyeon
1365,skyler gisondo
1366,tomas milian
1367,scott foley
1368,jo hyejoo
1369,yko tanaka
1370,ivana milievi
1371,will patton
1372,mischa barton
1373,cate blanchett
1374,lorenzo zurzolo
1375,rsula corber
1376,kip pardue
1377,tessa thompson
1378,richard dreyfuss
1379,kwak dongyeon
1380,skyler gisondo
1381,tomas milian
1382,scott foley
1383,jo hyejoo
1384,yko tanaka
1385,ivana milievi
1386,serenay sarkaya
1387,richard armitage
1388,ai kayano
1389,matt clark
1390,richard li
1391,zge zpirinci
1392,alba rohrwacher
1393,julie andrews
1394,michael b jordan
1395,toru furuya
1396,ikue otani
1397,holt mccallany
1398,julio pea
1399,golda rosheuvel
1400,martin mull
1401,elizabeth mcgovern
1402,richard kind
1403,salman khan
1404,kadeem hardison
1405,rainn wilson
1406,pej vahdat
1407,shia labeouf
1408,rowan atkinson
1409,michael sheen
1410,hannah waddingham
1411,matt servitto
1412,sarah shahi
1413,adam goldberg
1414,riho yoshioka
1415,cenk torun
1416,ken leung
1417,john goodman
1418,michael denison
1419,iu
1420,yang yang
1421,benedetta porcaroli
1422,sofia vassilieva
1423,koji yakusho
1424,lucas jade zumann
1425,ashley judd
1426,michelle pfeiffer
1427,rachel nichols
1428,laura dern
1429,park haeil
1430,joe cole
1431,gary beadle
1432,mary mcdonnell
1433,mamoru miyano
1434,emily deschanel
1435,emmanuelle bart
1436,brittany murphy
1437,ariel winter
1438,kim inae
1439,polly draper
1440,naomi scott
1441,ingrid tesch
1442,annabella sciorra
1443,koichi yamadera
1444,sarah paulson
1445,hampton fancher
1446,alessandro bedetti
1447,kenjiro tsuda
1448,katherine waterston
1449,misa uehara
1450,luke wilson
1451,sylvia syms
1452,masaki okada
1453,mark hamill
1454,seol ina
1455,mikhail efremov
1456,jace norman
1457,patrick dempsey
1458,eiko koike
1459,mira sorvino
1460,cam gigandet
1461,hank azaria
1462,alan tudyk
1463,yuka iguchi
1464,laura linney
1465,jessica henwick
1466,park junmyun
1467,breckin meyer
1468,moon woojin
1469,tomochika
1470,matthew modine
1471,joan cusack
1472,nick zano
1473,melanie liburd
1474,bonnie bedelia
1475,fiona gubelmann
1476,jesse spencer
1477,kyle gallner
1478,thea sofie loch nss
1479,jason bateman
1480,kelly mcgillis
1481,rina sato
1482,rosanna arquette
1483,jane krakowski
1484,brnice bejo
1485,yu shuxin
1486,robin wright
1487,joan cusack
1488,nick zano
1489,melanie liburd
1490,bonnie bedelia
1491,fiona gubelmann
1492,jesse spencer
1493,kyle gallner
1494,thea sofie loch nss
1495,jason bateman
1496,kelly mcgillis
1497,rina sato
1498,rosanna arquette
1499,jane krakowski
1500,ha yulri
1501,brnice bejo
1502,yu shuxin
1503,robin wright
1504,miles teller
1505,indira varma
1506,ezgi asarolu
1507,miguel herrn
1508,richard ayoade
1509,loletta lee
1510,yoshino aoyama
1511,ken watanabe
1512,michael nyqvist
1513,jessica lange
1514,josh hutcherson
1515,samantha morton
1516,pavel maykov
1517,kim sia
1518,dominic jephcott
1519,michele morrone
1520,heino ferch
1521,ahn sukhwan
1522,amber midthunder
1523,awkwafina
1524,nisa sofiya aksongur
1525,john mitchum
1526,steven weber
1527,miyuki sawashiro
1528,emmy clarke
1529,pauly shore
1530,katie cassidy
1531,bill irwin
1532,hera hilmar
1533,josh lucas
1534,corey johnson
1535,im changjung
1536,jennifer coolidge
1537,courtney henggeler
1538,kim sejeong
1539,claire danes
1540,ayyappa p sharma
1541,scott haze
1542,parminder nagra
1543,steve martin
1544,robert shaw
1545,emmy clarke
1546,pauly shore
1547,katie cassidy
1548,bill irwin
1549,hera hilmar
1550,josh lucas
1551,corey johnson
1552,konomi kohara
1553,im changjung
1554,jennifer coolidge
1555,courtney henggeler
1556,claire danes
1557,ayyappa p sharma
1558,scott haze
1559,parminder nagra
1560,steve martin
1561,robert shaw
1562,shohreh aghdashloo
1563,park minyoung
1564,sam shepard
1565,asami sanada
1566,mariette hartley
1567,ezra miller
1568,richard grieco
1569,james coburn
1570,ray liotta
1571,tom wopat
1572,beril pozam
1573,leo wu
1574,grace park
1575,jack davenport
1576,hrithik roshan
1577,jeonghwan kong
1578,missy peregrym
1579,meryem uzerli
1580,hacken lee
1581,paul newman
1582,will forte
1583,melissa moore
1584,kiele sanchez
1585,samantha bond
1586,suzuki matsuo
1587,james garner
1588,nur fettaholu
1589,go minsi
1590,kwon boa
1591,romy schneider
1592,eric bana
1593,emily watson
1594,val kilmer
1595,biran damla ylmaz
1596,john murray
1597,dylan baker
1598,michiel huisman
1599,yda manzano
1600,chelsea peretti
1601,rafe spall
1602,julia jones
1603,wichapas sumettikul
1604,ryunosuke kamiki
1605,gabriel macht
1606,tyler hoechlin
1607,liza lapira
1608,nicholle tom
1609,jude ciccolella
1610,valeria golino
1611,eric winter
1612,matt dillon
1613,alfie allen
1614,selma blair
1615,yuliya aleksandrova
1616,maura tierney
1617,jared padalecki
1618,fan bingbing
1619,maaya sakamoto
1620,xu zhengxi
1621,dean cameron
1622,melissa mccarthy
1623,edward james olmos
1624,kevin dunn
1625,liu yifei
1626,amy acker
1627,meagan good
1628,seo won
1629,saranya ponvannan
1630,topher grace
1631,letitia wright
1632,jeffrey wright
1633,sara paxton
1634,michael chernus
1635,richard schiff
1636,shelley duvall
1637,irina muravyova
1638,deborah raffin
1639,yang ikjune
1640,janet montgomery
1641,sung yuri
1642,david dorfman
1643,he yu
1644,deobia oparei
1645,walter sparrow
1646,bruce mcgill
1647,stephanie nur
1648,riley keough
1649,amanda tapping
1650,bo hopkins
1651,yang zi
1652,manny jacinto
1653,nikolai karachentsov
1654,jennifer grey
1655,bob odenkirk
1656,melisa asl pamuk
1657,vincent klyn
1658,kim dickens
1659,andrey smolyakov
1660,jennifer carpenter
1661,taylor kitsch
1662,natalya rudakova
1663,xu lu
1664,mina anwar
1665,martin sheen
1666,kenjirou ishimaru
1667,jackson rathbone
1668,vivica a fox
1669,zge grel
1670,gloria guida
1671,billy magnussen
1672,richard madden
1673,caroline williams
1674,naruki matsukawa
1675,kenan imirzalolu
1676,marylouise parker
1677,lee byunghun
1678,luke ishikawa plowden
1679,rain
1680,tomohiro tsuboi
1681,annie potts
1682,satomi sato
1683,rani mukerji
1684,yoshitsugu matsuoka
1685,kim kardashian
1686,james cromwell
1687,dawn olivieri
1688,william schallert
1689,kit harington
1690,dylan obrien
1691,jiang zhinan
1692,toshir mifune
1693,danielle harris
1694,caroline goodall
1695,cosmo jarvis
1696,david eigenberg
1697,alexandra shipp
1698,patrick swayze
1699,scott caan
1700,emily alatalo
1701,chris mulkey
1702,ray romano
1703,lena olin
1704,ko shibasaki
1705,bette davis
1706,zhu xudan
1707,kajol
1708,ti
1709,glenn close
1710,julie delpy
1711,terry crews
1712,danny glover
1713,benedict wong
1714,elliott gould
1715,denholm elliott
1716,anthony quinn
1717,udo kier
1718,choi byungchan
1719,mlanie laurent
1720,misha collins
1721,ahn jaemo
1722,billy bob thornton
1723,cess garcia
1724,anna paquin
1725,jang keunsuk
1726,michelle yeoh
1727,anna torv
1728,nina ruslanova
1729,minnie driver
1730,bruce campbell
1731,khary payton
1732,gil bellows
1733,helena bonham carter
1734,andrew lincoln
1735,jim broadbent
1736,kunie tanaka
1737,tatsuya fuji
1738,pat carroll
1739,sadawo abe
1740,raymond singer
1741,brian henson
1742,courtney thornesmith
1743,jeri ryan
1744,ludacris
1745,diana pang
1746,mark calaway
1747,susumu terajima
1748,mert ramazan demir
1749,yang mi
1750,john lamotta
1751,katharine isabelle
1752,angeli khang
1753,asami ogawa
1754,jiang xin
1755,julie christie
1756,ed helms
1757,julian sands
1758,leslie nielsen
1759,robin williams
1760,daniela ruah
1761,eric mun
1762,kelly carlson
1763,jessica harmon
1764,brett cullen
1765,chen zheyuan
1766,sung hyunah
1767,vanessa ferlito
1768,malachi barton
1769,kim sunyoung
1770,rachelle lefevre
1771,andy buckley
1772,james caan
1773,james stewart
1774,colby minifie
1775,hannah dodd
1776,mike dopud
1777,jordana brewster
1778,melissa george
1779,caroline rhea
1780,tom butler
1781,devon sawa
1782,yang chaoyue
1783,kumail nanjiani
1784,emilia fox
1785,edward winter
1786,wunmi mosaku
1787,katsuyuki konishi
1788,olivia thirlby
1789,lance henriksen
1790,lindsay wagner
1791,ema horvath
1792,bill pullman
1793,joe odagiri
1794,daniel stern
1795,julia cheng yimlai
1796,park sangmyeon
1797,april bowlby
1798,rashida jones
1799,dev patel
1800,jennifer ehle
1801,marlon wayans
1802,beren gkyldz
1803,kathryn hahn
1804,madison pettis
1805,kim mooyul
1806,raisa ryazanova
1807,kelsey grammer
1808,cara gonzales
1809,christina hendricks
1810,maggie q
1811,gina carano
1812,jennifer lopez
1813,scott glenn
1814,billy campbell
1815,rhys ifans
1816,hayden panettiere
1817,georgiy vitsin
1818,robert duvall
1819,jensen daggett
1820,yoona
1821,ashton kutcher
1822,alicia silverstone
1823,jaleel white
1824,alexa demie
1825,frederick weller
1826,zhao jinmai
1827,justin long
1828,amy ryan
1829,tim matheson
1830,haruka ayase
1831,alexa davalos
1832,jeff fahey
1833,jenna coleman
1834,emily wickersham
1835,josh gad
1836,ron livingston
1837,andy serkis
1838,kevin zegers
1839,brad beyer
1840,sonja bennett
1841,stephen baldwin
1842,vinnie jones
1843,spencer treat clark
1844,rodney rowland
1845,emily browning
1846,angela bassett
1847,joshua jackson
1848,billie piper
1849,cynthia stevenson
1850,maaya uchida
1851,hitomi nabatame
1852,julie condra
1853,michael stuhlbarg
1854,rob moore
1855,prabhas
1856,neve campbell
1857,james purefoy
1858,james urbaniak
1859,heo joonho
1860,taylor lacher
1861,camila mendes
1862,miranda otto
1863,guy pearce
1864,choi hyunwook
1865,ryan hurst
1866,maia morgenstern
1867,tia carrere
1868,tina majorino
1869,steve howey
1870,takahiro sakurai
1871,roberts blossom
1872,vaishnavi chaitanya
1873,chilton crane
1874,bill cobbs
1875,eleanor tomlinson
1876,jessica harmon
1877,brett cullen
1878,chen zheyuan
1879,sung hyunah
1880,vanessa ferlito
1881,lee sangyi
1882,rachelle lefevre
1883,andy buckley
1884,james caan
1885,james stewart
1886,colby minifie
1887,mike dopud
1888,jordana brewster
1889,melissa george
1890,caroline rhea
1891,tom butler
1892,devon sawa
1893,yang chaoyue
1894,kumail nanjiani
1895,steve whitmire
1896,jaimie alexander
1897,lisa hogan
1898,tatyana dogileva
1899,indiana evans
1900,lee boyoung
1901,beau garrett
1902,dan hedaya
1903,emily bader
1904,pat morita
1905,elena valyushkina
1906,bill camp
1907,rachel keller
1908,catherine ohara
1909,regina king
1910,icet
1911,luke hemsworth
1912,brad hunt
1913,rose van ginkel
1914,chad michael murray
1915,zhao liying
1916,nathan jones
1917,arielle kebbel
1918,michael cudlitz
1919,sally field
1920,tom ellis
1921,susan ward
1922,suniel shetty
1923,casey affleck
1924,jessica jung
1925,cedric the entertainer
1926,issey ogata
1927,naho toda
1928,robert urich
1929,yuka kouri
1930,william atherton
1931,shelly cole
1932,richard attenborough
1933,natsuki hanae
1934,satomi hanamura
1935,shannon tweed
1936,italia ricci
1937,saoirsemonica jackson
1938,alicia coppola
1939,lucas black
1940,emilio sakraya
1941,kerem brsin
1942,victoria rowell
1943,tony shalhoub
1944,lauren lapkus
1945,yoo insoo
1946,amybeth mcnulty
1947,alan ruck
1948,guillermo daz
1949,ayanna misola
1950,chiemi chiba
1951,peta wilson
1952,huang xiaoming
1953,donna bullock
1954,esther liu
1955,sienna guillory
1956,alan rickman
1957,choi yeojin
1958,fiona shaw
1959,lee majors
1960,ayush ulagadde
1961,george mackay
1962,park gyuyoung
1963,paulo avelino
1964,chris elliott
1965,aleksandr demyanenko
1966,perry king
1967,emily procter
1968,rei akasaka
1969,jane fonda
1970,skandar keynes
1971,zhang ziyi
1972,jackie shroff
1973,yui horie
1974,aleisha allen
1975,mao inoue
1976,jennifer esposito
1977,chad donella
1978,rupert friend
1979,rebecca patricia armstrong
1980,mario lpez
1981,alex fong chungsun
1982,bradley freegard
1983,jeong hyeyoung
1984,lou diamond phillips
1985,sarah roemer
1986,chris cooper
1987,kevin spacey
1988,kim sungoh
1989,joseph mazzello
1990,erich anderson
1991,sergei bezrukov
1992,alyla browne
1993,sevda erginci
1994,leslie uggams
1995,bobby cannavale
1996,sumire uesaka
1997,steven berkoff
1998,marlon brando
1999,daniel daylewis
2000,sidney poitier
2001,humphrey bogart
2002,clark gable
2003,ingrid bergman
2004,elizabeth taylor
2005,gregory peck
2006,audrey hepburn
2007,cary grant
2008,vivien leigh
2009,laurence olivier
2010,steve mcqueen
2011,spencer tracy
2012,judy garland
2013,catherine deneuve
2014,grace kelly
2015,james cagney
2016,greta garbo
2017,olivia de havilland
2018,charles chaplin
2019,setsuko hara
2020,montgomery clift
2021,isabelle huppert
2022,rita hayworth
2023,james dean
2024,kirk douglas
2025,natalie wood
2026,marcello mastroianni
2027,joan crawford
2028,gene kelly
2029,joan fontaine
2030,sophia loren
2031,marilyn monroe
2032,bruce lee
2033,charlton heston
2034,gary cooper
2035,liv ullmann
2036,forest whitaker
2037,deborah kerr
2038,peter otoole
2039,salma hayek
2040,don cheadle
2041,frances mcdormand
2042,kathy bates
2043,omar sharif
2044,mohanlal
2045,jack lemmon
2046,george c scott
2047,philip seymour hoffman
2048,grard depardieu
2049,christopher plummer
2050,meg ryan
2051,michael douglas
2052,ava gardner
2053,doris day
2054,shirley maclaine
2055,holly hunter
2056,hilary swank
2057,chiwetel ejiofor
2058,claudette colbert
2059,gloria swanson
2060,lauren bacall
2061,norma shearer
2062,bette midler
2063,mary tyler moore
2064,anna magnani
2065,judi dench
2066,glenda jackson
2067,donna reed
2068,liza minnelli
2069,peter sellers
2070,christoph waltz
2071,alec guinness
2072,richard burton
2073,kathleen turner
2074,rene russo
2075,maggie smith
2076,barbra streisand
2077,joanne woodward
2078,mercedes mccambridge
2079,anjelica huston
2080,dianne wiest
2081,goldie hawn
2082,claudia cardinale
2083,gwyneth paltrow
2084,debra winger
2085,juliette binoche
2086,shirley booth
2087,benicio del toro
2088,burt lancaster
2089,robert mitchum
2090,william holden
2091,edward g robinson
2092,william powell
2093,jared leto
2094,errol flynn
2095,groucho marx
2096,james mason
2097,orson welles
2098,fred astaire
2099,paul giamatti
2100,carol burnett
2101,jessica tandy
2102,patricia arquette
2103,carmen miranda
2104,debbie reynolds
2105,ellen burstyn
2106,maureen ohara
2107,myrna loy
2108,marlene dietrich
2109,carole lombard
2110,jean arthur
2111,woody allen
2112,jean harlow
2113,ginger rogers
2114,mary pickford
2115,mae west
2116,alan arkin
2117,colin firth
2118,roberto benigni
2119,f murray abraham
2120,peter finch
2121,art carney
2122,cliff robertson
2123,lee marvin
2124,rex harrison
2125,maximilian schell
2126,david niven
2127,william hurt
2128,yul brynner
2129,rod steiger
2130,alexis thorpe
2131,marion davies
2132,fairuza balk
2133,julie walters
2134,rooney mara
2135,jos ferrer
2136,broderick crawford
2137,ronald colman
2138,fredric march
2139,ray milland
2140,bing crosby
2141,paul lukas
2142,robert donat
2143,paul muni
2144,victor mclaglen
2145,charles laughton
2146,wallace beery
2147,lionel barrymore
2148,warner baxter
2149,emil jannings
2150,cuba gooding jr
2151,martin landau
2152,jack palance
2153,kevin kline
2154,don ameche
2155,betty white
2156,geraldine page
2157,jennifer jones
2158,shirley temple
2159,julia louisdreyfus
2160,cher
2161,sissy spacek
2162,louise fletcher
2163,patricia neal
2164,haing s ngor
2165,louis gossett jr
2166,john gielgud
2167,timothy hutton
2168,melvyn douglas
2169,jason robards
2170,george burns
2171,ben johnson
2172,john mills
2173,jack albertson
2174,george kennedy
2175,walter matthau
2176,martin balsam
2177,peter ustinov
2178,ed begley
2179,george chakiris
2180,hugh griffith
2181,burl ives
2182,red buttons
2183,edmond obrien
2184,frank sinatra
2185,anne bancroft
2186,kim novak
2187,simone signoret
2188,angela lansbury
2189,judy holliday
2190,loretta young
2191,shirley jones
2192,helen hayes
2193,marie dressler
2194,janet gaynor
2195,octavia spencer
2196,melissa leo
2197,monique
2198,marlee matlin
2199,jennifer hudson
2200,rene zellweger
2201,marcia gay harden
2202,mercedes ruehl
2203,brenda fricker
2204,george sanders
2205,dean jagger
2206,walter huston
2207,edmund gwenn
2208,harold russell
2209,hugh grant
2210,barry fitzgerald
2211,charles coburn
2212,van heflin
2213,donald crisp
2214,thomas mitchell
2215,walter brennan
2216,joseph schildkraut
2217,olympia dukakis
2218,peggy ashcroft
2219,linda hunt
2220,maureen stapleton
2221,mary steenburgen
2222,beatrice straight
2223,vanessa redgrave
2224,lee grant
2225,eileen heckart
2226,cloris leachman
2227,ruth gordon
2228,estelle parsons
2229,sandy dennis
2230,shelley winters
2231,patty duke
2232,rita moreno
2233,wendy hiller
2234,miyoshi umeki
2235,dorothy malone
2236,jo van fleet
2237,eva marie saint
2238,gloria grahame
2239,kim hunter
2240,lee j cobb
2241,john cazale
2242,jean dujardin
2243,jason segel
2244,dick van dyke
2245,tyler perry
2246,gene wilder
2247,thora birch
2248,claire trevor
2249,celeste holm
2250,anne baxter
2251,ethel barrymore
2252,teresa wright
2253,mary astor
2254,jane darwell
2255,mia wasikowska
2256,gale sondergaard
2257,tina fey
2258,adrianne palicki
2259,june squibb
2260,edward norton
2261,frank langella
2262,david strathairn
2263,terrence howard
2264,tom wilkinson
2265,richard farnsworth
2266,rebel wilson
2267,ida lupino
2268,brittany snow
2269,julianne hough
2270,lily collins
2271,maggie grace
2272,peter fonda
2273,nigel hawthorne
2274,stephen rea
2275,richard harris
2276,max von sydow
2277,bob hoskins
2278,john hawkes
2279,sam waterston
2280,tom hulce
2281,albert finney
2282,tom conti
2283,tom courtenay
2284,dudley moore
2285,priyanka chopra jonas
2286,emmanuelle riva
2287,jessica lucas
2288,maria falconetti
2289,greer garson
2290,rosalind russell
2291,raquel welch
2292,linda fiorentino
2293,gabourey sidibe
2294,judy davis
2295,mia farrow
2296,audrey tautou
2297,jeanne moreau
2298,jane wyman
2299,gena rowlands
2300,lesley manville
2301,whitney houston
2302,felicity huffman
2303,imelda staunton
2304,jon heder
2305,daniel brhl
2306,james gandolfini
2307,anthony perkins
2308,klaus kinski
2309,ray winstone
2310,jeanpaul belmondo
2311,matthew broderick
2312,dennis hopper
2313,vincent gallo
2314,boris karloff
2315,peter lorre
2316,ryan phillippe
2317,kerry washington
2318,carrieanne moss
2319,janet leigh
2320,catalina sandino moreno
2321,keisha castlehughes
2322,barbara stanwyck
2323,joan allen
2324,janet mcteer
2325,fernanda montenegro
2326,kristin scott thomas
2327,elisabeth shue
2328,miranda richardson
2329,stockard channing
2330,luise rainer
2331,lucille ball
2332,pauline collins
2333,sally kirkland
2334,jane alexander
2335,marsha mason
2336,michael j fox
2337,chow yunfat
2338,seth macfarlane
2339,john houseman
2340,chuck norris
2341,sam rockwell
2342,takashi shimura
2343,richard e grant
2344,john malkovich
2345,christopher guest
2346,jackie earle haley
2347,gig young
2348,romain duris
2349,jacki weaver
2350,kathleen quinlan
2351,taraji p henson
2352,ruby dee
2353,jill clayburgh
2354,adriana barraza
2355,rinko kikuchi
2356,sophie okonedo
2357,patricia clarkson
2358,lynn redgrave
2359,rachel griffiths
2360,lili taylor
2361,robin weigert
2362,lake bell
2363,claude rains
2364,john rhysdavies
2365,jeanlouis trintignant
2366,joseph cotten
2367,barry pepper
2368,erich von stroheim
2369,ben foster
2370,joel mccrea
2371,gael garca bernal
2372,bruno ganz
2373,irrfan khan
2374,roy scheider
2375,gary busey
2376,norman reedus
2377,jeff daniels
2378,carrie fisher
2379,pam grier
2380,bjrk
2381,juliette lewis
2382,sarah jessica parker
2383,piper laurie
2384,miley cyrus
2385,lily tomlin
2386,jane seymour
2387,gloria stuart
2388,talia shire
2389,sue lyon
2390,olivia newtonjohn
2391,teri garr
2392,jean seberg
2393,sarah polley
2394,hal holbrook
2395,alan alda
2396,thomas haden church
2397,suraj sharma
2398,john c reilly
2399,michael clarke duncan
2400,greg kinnear
2401,burt reynolds
2402,robert forster
2403,jason schwartzman
2404,armin muellerstahl
2405,chazz palminteri
2406,gary sinise
2407,paul scofield
2408,pete postlethwaite
2409,jada pinkett smith
2410,tatum oneal
2411,hattie mcdaniel
2412,leslie mann
2413,mindy kaling
2414,thandiwe newton
2415,amy poehler
2416,julia stiles
2417,christina applegate
2418,nia long
2419,nick frost
2420,chris rock
2421,neil patrick harris
2422,charlie sheen
2423,mark rylance
2424,andy garcia
2425,michael lerner
2426,graham greene
2427,bruce davison
2428,dan aykroyd
2429,danny aiello
2430,river phoenix
2431,dean stockwell
2432,billy crystal
2433,mike myers
2434,susan hayward
2435,sarah michelle gellar
2436,sandra oh
2437,margot kidder
2438,beyonc
2439,parker posey
2440,allison janney
2441,evan rachel wood
2442,ziyi zhang
2443,amanda bynes
2444,brit marling
2445,cynthia erivo
2446,mandy moore
2447,brian cox
2448,billy burke
2449,charles bronson
2450,jonathan pryce
2451,mel brooks
2452,mahershala ali
2453,josh duhamel
2454,freida pinto
2455,hilary duff
2456,andrea riseborough
2457,molly ringwald
2458,january jones
2459,maya rudolph
2460,franka potente
2461,claire foy
2462,lillian gish
2463,olivia colman
2464,mireille enos
2465,jennifer love hewitt
2466,ginnifer goodwin
2467,christine taylor
2468,nathan lane
2469,steve coogan
2470,sacha baron cohen
2471,brendan fraser
2472,ice cube
2473,liev schreiber
2474,russell brand
2475,craig t nelson
2476,bernie mac
2477,seth green
2478,randy quaid
2479,david oyelowo
2480,rob schneider
2481,jay baruchel
2482,paul bettany
2483,john candy
2484,chris odonnell
2485,common
2486,albert brooks
2487,macaulay culkin
2488,taron egerton
2489,elvis presley
2490,jonah hill
2491,sung kang
2492,billy crudup
2493,john barrymore
2494,peter sarsgaard
2495,bill hader
2496,rob lowe
2497,mel blanc
2498,david spade
2499,richard jenkins
2500,emilio estevez
2501,michael ealy
2502,jamie bell
2503,troy baker
2504,danny mcbride
2505,jonathan rhys meyers
2506,craig robinson
2507,charlie day
2508,garrett hedlund
2509,christopher reeve
2510,adam driver
2511,ned beatty
2512,john cleese
2513,jerry lewis
2514,paul mescal
